config,front_right,front_left,back_right,back_left,rear_rpm,front_left_rpm,front_right_rpm,gps_lat,gps_lon,time
1,14,18,17,14,1056,1428,1405,32.236608,110.951873,1
1,15,18,17,15,697,1595,1446,32.236587,110.951888,2
1,11,14,13,12,616,1306,985,32.236608,110.951887,3
1,6,9,7,8,888,828,446,32.236617,110.951873,4
1,5,8,6,7,1263,600,325,32.236573,110.951912,5
1,9,11,10,10,1396,832,732,32.236603,110.951889,6
1,13,17,16,14,1165,1310,1294,32.236597,110.951911,7
1,15,18,18,15,782,1595,1494,32.236577,110.951915,8
1,12,15,14,13,600,1425,1147,32.236604,110.951887,9
1,7,10,9,9,785,956,574,32.236606,110.951888,10
1,5,8,6,7,1168,619,300,32.236580,110.951915,11
1,7,10,9,9,1396,725,578,32.236601,110.951902,12
1,12,15,15,13,1260,1175,1152,32.236601,110.951885,13
1,15,18,18,15,885,1556,1494,32.236598,110.951875,14
1,13,17,16,14,615,1518,1290,32.236596,110.951897,15
1,9,11,10,10,700,1096,727,32.236610,110.951894,16
1,5,8,6,7,1060,677,323,32.236603,110.951886,17
1,6,9,7,8,1365,647,449,32.236613,110.951895,18
1,11,14,13,12,1335,1034,990,32.236593,110.951896,19
1,15,18,17,15,996,1481,1448,32.236611,110.951911,20
1,14,18,17,14,662,1578,1402,32.236577,110.951872,21
1,10,13,12,11,638,1235,895,32.236596,110.951888,22
1,6,8,7,8,947,768,392,32.236584,110.951887,23
1,5,8,7,7,1305,606,357,32.236614,110.951870,24
1,9,12,11,10,1383,898,821,32.236573,110.951912,25
1,14,17,17,14,1108,1376,1358,32.236584,110.951879,26
1,15,18,18,15,735,1600,1474,32.236599,110.951894,27
1,11,14,14,12,605,1365,1063,32.236598,110.951879,28
1,7,9,8,8,838,886,502,32.236619,110.951912,29
1,5,8,6,7,1221,604,307,32.236600,110.951882,30
1,8,11,10,9,1400,778,658,32.236588,110.951903,31
1,13,16,15,13,1212,1248,1231,32.236601,110.951908,32
1,15,18,18,15,829,1582,1500,32.236584,110.951911,33
1,13,16,15,13,603,1473,1217,32.236587,110.951876,34
1,8,11,9,9,743,1021,643,32.236611,110.951881,35
1,5,8,6,7,1119,642,305,32.236607,110.951918,36
1,7,9,8,8,1386,684,514,32.236617,110.951914,37
1,11,15,14,12,1298,1109,1078,32.236602,110.951892,38
1,15,18,18,15,937,1525,1478,32.236572,110.951877,39
1,14,17,16,14,633,1551,1347,32.236590,110.951916,40
1,9,12,11,10,667,1162,805,32.236580,110.951884,41
1,5,8,7,7,1007,716,350,32.236585,110.951912,42
1,6,8,7,8,1340,623,401,32.236602,110.951905,43
1,10,13,12,11,1361,969,911,32.236592,110.951917,44
1,14,18,17,14,1049,1435,1411,32.236575,110.951917,45
1,15,18,17,15,693,1593,1441,32.236588,110.951902,46
1,11,14,13,11,618,1298,974,32.236606,110.951875,47
1,6,9,7,8,895,821,439,32.236587,110.951909,48
1,5,8,6,7,1268,600,328,32.236582,110.951893,49
1,9,12,10,10,1395,839,743,32.236579,110.951884,50
1,13,17,16,14,1158,1318,1302,32.236616,110.951890,51
1,15,18,18,15,776,1596,1492,32.236608,110.951873,52
1,12,15,14,13,600,1418,1138,32.236576,110.951873,53
1,7,10,9,9,791,948,565,32.236601,110.951890,54
1,5,8,6,7,1174,617,300,32.236599,110.951870,55
1,7,10,9,9,1397,730,587,32.236571,110.951873,56
1,12,15,15,13,1255,1184,1162,32.236571,110.951877,57
1,15,18,18,15,878,1560,1496,32.236603,110.951897,58
1,13,17,16,14,614,1513,1282,32.236602,110.951916,59
1,8,11,10,10,704,1087,717,32.236576,110.951877,60
1,5,8,6,7,1067,672,320,32.236582,110.951871,61
1,6,9,8,8,1368,651,456,32.236594,110.951889,62
1,11,14,13,12,1331,1043,1000,32.236617,110.951910,63
1,15,18,18,15,989,1487,1452,32.236575,110.951913,64
1,14,18,17,14,658,1576,1396,32.236613,110.951873,65
1,10,13,12,11,641,1227,884,32.236598,110.951905,66
1,6,8,7,8,954,762,387,32.236602,110.951882,67
1,6,8,7,7,1310,607,361,32.236605,110.951901,68
1,9,12,11,11,1380,906,831,32.236592,110.951903,69
1,14,17,17,14,1102,1383,1364,32.236607,110.951899,70
1,15,18,18,15,729,1600,1471,32.236600,110.951906,71
1,11,14,14,12,606,1357,1052,32.236577,110.951872,72
1,7,9,8,8,845,878,494,32.236593,110.951876,73
1,5,8,6,7,1226,603,309,32.236602,110.951909,74
1,8,11,10,9,1400,785,667,32.236613,110.951916,75
1,13,16,15,13,1206,1257,1240,32.236598,110.951878,76
1,15,18,18,15,822,1584,1500,32.236607,110.951886,77
1,13,16,15,13,602,1467,1208,32.236606,110.951877,78
1,8,11,9,9,748,1012,634,32.236610,110.951917,79
1,5,8,6,7,1125,638,304,32.236592,110.951889,80
1,7,10,8,8,1387,689,522,32.236607,110.951903,81
1,12,15,14,12,1293,1118,1088,32.236589,110.951884,82
1,15,18,18,15,930,1530,1481,32.236590,110.951882,83
1,14,17,16,14,631,1547,1340,32.236615,110.951909,84
1,9,12,11,10,671,1153,794,32.236594,110.951884,85
1,5,8,6,7,1014,710,346,32.236591,110.951880,86
1,6,8,7,8,1344,626,407,32.236603,110.951874,87
1,10,13,12,11,1358,977,921,32.236616,110.951917,88
1,14,18,17,14,1042,1442,1416,32.236598,110.951916,89
1,14,18,17,15,688,1592,1436,32.236606,110.951871,90
1,11,14,13,11,621,1290,964,32.236617,110.951910,91
1,6,9,7,8,902,813,432,32.236583,110.951871,92
1,5,8,6,7,1273,600,331,32.236603,110.951870,93
1,9,12,11,10,1393,847,753,32.236593,110.951912,94
1,13,17,16,14,1152,1326,1310,32.236613,110.951915,95
1,15,18,18,15,771,1597,1490,32.236592,110.951870,96
1,12,15,14,13,600,1411,1128,32.236574,110.951880,97
1,7,10,9,9,797,939,556,32.236589,110.951916,98
1,5,8,6,7,1181,615,300,32.236583,110.951893,99
1,7,10,9,9,1398,736,596,32.236597,110.951868,100
1,12,15,15,13,1249,1192,1171,32.236577,110.951901,101
1,15,18,18,15,871,1563,1497,32.236604,110.951872,102
1,13,16,16,13,612,1508,1274,32.236587,110.951877,103
1,8,11,10,10,709,1078,707,32.236587,110.951891,104
1,5,8,6,7,1074,668,318,32.236604,110.951900,105
1,6,9,8,8,1371,655,464,32.236576,110.951917,106
1,11,14,13,12,1327,1051,1011,32.236597,110.951905,107
1,15,18,18,15,982,1492,1456,32.236607,110.951917,108
1,14,17,17,14,654,1573,1390,32.236605,110.951901,109
1,10,13,12,11,644,1218,873,32.236592,110.951879,110
1,6,8,7,8,961,755,381,32.236579,110.951870,111
1,6,8,7,7,1314,609,366,32.236575,110.951881,112
1,10,12,11,11,1378,914,842,32.236607,110.951876,113
1,14,17,17,14,1095,1390,1371,32.236618,110.951906,114
1,15,18,18,15,724,1599,1467,32.236607,110.951891,115
1,11,14,13,12,607,1349,1042,32.236586,110.951895,116
1,7,9,8,8,851,870,486,32.236586,110.951915,117
1,5,8,6,7,1232,602,311,32.236616,110.951895,118
1,8,11,10,10,1400,792,677,32.236576,110.951913,119
1,13,16,15,13,1199,1265,1248,32.236599,110.951886,120
1,15,18,18,15,816,1586,1499,32.236570,110.951869,121
1,12,16,15,13,602,1461,1199,32.236618,110.951884,122
1,8,10,9,9,754,1003,624,32.236572,110.951887,123
1,5,8,6,7,1132,635,303,32.236614,110.951869,124
1,7,10,8,9,1389,694,530,32.236570,110.951916,125
1,12,15,14,12,1288,1127,1098,32.236592,110.951876,126
1,15,18,18,15,923,1534,1484,32.236617,110.951917,127
1,14,17,16,14,628,1543,1333,32.236602,110.951893,128
1,9,12,11,10,675,1144,784,32.236597,110.951903,129
1,5,8,6,7,1021,705,342,32.236585,110.951897,130
1,6,9,7,8,1348,629,413,32.236591,110.951889,131
1,10,13,12,11,1354,986,932,32.236609,110.951886,132
1,14,18,17,14,1035,1448,1421,32.236581,110.951884,133
1,14,18,17,15,684,1590,1432,32.236616,110.951871,134
1,10,13,13,11,623,1282,953,32.236589,110.951874,135
1,6,9,7,8,909,806,426,32.236595,110.951891,136
1,5,8,6,7,1278,601,334,32.236599,110.951873,137
1,9,12,11,10,1392,854,763,32.236614,110.951881,138
1,13,17,16,14,1145,1334,1318,32.236585,110.951893,139
1,15,18,18,15,765,1598,1488,32.236586,110.951879,140
1,12,15,14,12,601,1405,1118,32.236587,110.951869,141
1,7,10,8,9,804,931,547,32.236588,110.951906,142
1,5,8,6,7,1187,613,301,32.236576,110.951885,143
1,8,10,9,9,1399,743,605,32.236615,110.951879,144
1,12,16,15,13,1244,1201,1181,32.236596,110.951895,145
1,15,18,18,15,865,1567,1498,32.236594,110.951904,146
1,13,16,16,13,610,1503,1265,32.236586,110.951906,147
1,8,11,10,10,714,1069,697,32.236586,110.951913,148
1,5,8,6,7,1081,663,315,32.236612,110.951869,149
1,6,9,8,8,1373,659,471,32.236615,110.951887,150
1,11,14,13,12,1323,1060,1021,32.236611,110.951902,151
1,15,18,18,15,975,1498,1460,32.236603,110.951898,152
1,14,17,17,14,651,1570,1384,32.236584,110.951882,153
1,10,13,12,11,647,1210,863,32.236590,110.951906,154
1,6,8,7,8,968,749,376,32.236584,110.951873,155
1,6,8,7,7,1318,611,371,32.236599,110.951877,156
1,10,13,12,11,1376,923,852,32.236594,110.951873,157
1,14,17,17,14,1088,1397,1377,32.236604,110.951899,158
1,15,18,18,15,719,1599,1464,32.236618,110.951893,159
1,11,14,13,12,609,1342,1032,32.236595,110.951881,160
1,6,9,8,8,858,862,479,32.236604,110.951915,161
1,5,8,6,7,1238,601,313,32.236576,110.951912,162
1,8,11,10,10,1399,799,687,32.236618,110.951882,163
1,13,16,16,13,1193,1273,1257,32.236590,110.951917,164
1,15,18,18,15,810,1588,1499,32.236606,110.951878,165
1,12,16,15,13,601,1454,1190,32.236606,110.951918,166
1,8,10,9,9,759,995,615,32.236573,110.951895,167
1,5,8,6,7,1139,632,302,32.236598,110.951883,168
1,7,10,8,9,1391,699,539,32.236573,110.951898,169
1,12,15,14,12,1283,1135,1108,32.236601,110.951895,170
1,15,18,18,15,916,1539,1486,32.236595,110.951875,171
1,14,17,16,14,625,1539,1325,32.236572,110.951883,172
1,9,12,11,10,680,1135,774,32.236582,110.951915,173
1,5,8,6,7,1028,699,338,32.236605,110.951871,174
1,6,9,7,8,1351,632,419,32.236611,110.951870,175
1,10,13,12,11,1351,995,942,32.236588,110.951906,176
1,14,18,17,15,1028,1454,1427,32.236602,110.951897,177
1,14,18,17,15,680,1588,1427,32.236606,110.951882,178
1,10,13,12,11,625,1273,942,32.236617,110.951908,179
1,6,9,7,8,916,799,419,32.236596,110.951916,180
1,5,8,6,7,1283,601,338,32.236590,110.951911,181
1,9,12,11,10,1391,862,774,32.236614,110.951896,182
1,14,17,16,14,1139,1342,1325,32.236620,110.951906,183
1,15,18,18,15,759,1599,1486,32.236599,110.951880,184
1,12,15,14,12,601,1397,1108,32.236588,110.951905,185
1,7,10,8,9,810,923,539,32.236587,110.951885,186
1,5,8,6,7,1193,611,302,32.236580,110.951912,187
1,8,10,9,9,1399,749,615,32.236578,110.951882,188
1,12,16,15,13,1238,1210,1190,32.236612,110.951902,189
1,15,18,18,15,858,1570,1499,32.236594,110.951899,190
1,13,16,16,13,609,1498,1257,32.236581,110.951900,191
1,8,11,10,10,719,1060,687,32.236589,110.951914,192
1,5,8,6,7,1088,659,313,32.236593,110.951876,193
1,6,9,8,8,1376,663,479,32.236598,110.951903,194
1,11,14,13,12,1318,1069,1032,32.236610,110.951913,195
1,15,18,18,15,968,1503,1464,32.236595,110.951910,196
1,14,17,17,14,647,1567,1377,32.236583,110.951908,197
1,10,13,12,11,651,1201,852,32.236584,110.951909,198
1,6,8,7,7,975,743,371,32.236596,110.951873,199
1,6,8,7,8,1323,613,376,32.236604,110.951894,200
1,10,13,12,11,1373,931,863,32.236571,110.951880,201
1,14,17,17,14,1081,1405,1384,32.236574,110.951889,202
1,15,18,18,15,714,1598,1460,32.236604,110.951899,203
1,11,14,13,12,610,1334,1021,32.236614,110.951891,204
1,6,9,8,8,865,854,471,32.236610,110.951885,205
1,5,8,6,7,1244,601,315,32.236581,110.951882,206
1,8,11,10,10,1399,806,697,32.236592,110.951910,207
1,13,16,16,13,1187,1282,1265,32.236610,110.951868,208
1,15,18,18,15,804,1590,1498,32.236577,110.951901,209
1,12,16,15,13,601,1448,1181,32.236610,110.951913,210
1,8,10,9,9,765,986,605,32.236584,110.951903,211
1,5,8,6,7,1145,629,301,32.236595,110.951896,212
1,7,10,8,9,1392,705,547,32.236613,110.951909,213
1,12,15,14,12,1278,1144,1118,32.236616,110.951887,214
1,15,18,18,15,909,1543,1488,32.236604,110.951886,215
1,13,17,16,14,623,1534,1318,32.236570,110.951914,216
1,9,12,11,10,684,1127,763,32.236608,110.951888,217
1,5,8,6,7,1035,694,334,32.236574,110.951874,218
1,6,9,7,8,1354,635,426,32.236603,110.951886,219
1,10,13,13,11,1348,1003,953,32.236608,110.951917,220
1,14,18,17,15,1021,1461,1432,32.236587,110.951913,221
1,14,18,17,14,675,1586,1421,32.236600,110.951884,222
1,10,13,12,11,628,1265,932,32.236600,110.951899,223
1,6,9,7,8,923,792,413,32.236572,110.951879,224
1,5,8,6,7,1288,602,342,32.236606,110.951873,225
1,9,12,11,10,1389,870,784,32.236595,110.951870,226
1,14,17,16,14,1132,1349,1333,32.236608,110.951892,227
1,15,18,18,15,754,1599,1484,32.236615,110.951903,228
1,12,15,14,12,602,1390,1098,32.236583,110.951893,229
1,7,10,8,9,816,914,530,32.236585,110.951916,230
1,5,8,6,7,1199,609,303,32.236616,110.951907,231
1,8,10,9,9,1400,755,624,32.236577,110.951906,232
1,12,16,15,13,1232,1218,1199,32.236612,110.951899,233
1,15,18,18,15,851,1573,1499,32.236575,110.951882,234
1,13,16,15,13,607,1492,1248,32.236590,110.951911,235
1,8,11,10,10,724,1051,677,32.236578,110.951898,236
1,5,8,6,7,1095,655,311,32.236578,110.951911,237
1,7,9,8,8,1378,668,486,32.236620,110.951869,238
1,11,14,13,12,1314,1078,1042,32.236584,110.951904,239
1,15,18,18,15,961,1508,1467,32.236602,110.951868,240
1,14,17,17,14,644,1563,1371,32.236602,110.951872,241
1,10,12,11,11,654,1192,842,32.236619,110.951887,242
1,6,8,7,7,982,736,366,32.236590,110.951918,243
1,6,8,7,8,1327,615,381,32.236581,110.951887,244
1,10,13,12,11,1371,939,873,32.236617,110.951900,245
1,14,17,17,14,1074,1412,1390,32.236583,110.951900,246
1,15,18,18,15,709,1597,1456,32.236615,110.951893,247
1,11,14,13,12,612,1326,1011,32.236594,110.951891,248
1,6,9,8,8,871,847,464,32.236592,110.951917,249
1,5,8,6,7,1249,600,318,32.236573,110.951877,250
1,8,11,10,10,1398,813,707,32.236606,110.951916,251
1,13,16,16,13,1181,1290,1274,32.236598,110.951916,252
1,15,18,18,15,797,1592,1497,32.236608,110.951905,253
1,12,15,15,13,600,1442,1171,32.236571,110.951883,254
1,7,10,9,9,771,977,596,32.236609,110.951916,255
1,5,8,6,7,1152,626,300,32.236605,110.951890,256
1,7,10,9,9,1393,710,556,32.236618,110.951904,257
1,12,15,14,13,1273,1153,1128,32.236588,110.951889,258
1,15,18,18,15,902,1547,1490,32.236582,110.951885,259
1,13,17,16,14,621,1530,1310,32.236587,110.951889,260
1,9,12,11,10,688,1118,753,32.236589,110.951892,261
1,5,8,6,7,1042,689,331,32.236591,110.951890,262
1,6,9,7,8,1358,638,432,32.236610,110.951874,263
1,11,14,13,11,1344,1012,964,32.236586,110.951909,264
1,14,18,17,15,1014,1467,1436,32.236591,110.951869,265
1,14,18,17,14,671,1584,1416,32.236599,110.951886,266
1,10,13,12,11,631,1257,921,32.236587,110.951918,267
1,6,8,7,8,930,785,407,32.236618,110.951879,268
1,5,8,6,7,1293,603,346,32.236575,110.951912,269
1,9,12,11,10,1387,878,794,32.236614,110.951909,270
1,14,17,16,14,1125,1357,1340,32.236575,110.951915,271
1,15,18,18,15,748,1600,1481,32.236615,110.951898,272
1,12,15,14,12,602,1383,1088,32.236601,110.951906,273
1,7,10,8,8,822,906,522,32.236613,110.951914,274
1,5,8,6,7,1206,607,304,32.236608,110.951911,275
1,8,11,9,9,1400,762,634,32.236611,110.951885,276
1,13,16,15,13,1226,1227,1208,32.236587,110.951878,277
1,15,18,18,15,845,1576,1500,32.236576,110.951871,278
1,13,16,15,13,606,1487,1240,32.236591,110.951898,279
1,8,11,10,9,729,1043,667,32.236599,110.951903,280
1,5,8,6,7,1102,651,309,32.236573,110.951914,281
1,7,9,8,8,1380,672,494,32.236595,110.951879,282
1,11,14,14,12,1310,1087,1052,32.236588,110.951915,283
1,15,18,18,15,954,1513,1471,32.236619,110.951917,284
1,14,17,17,14,641,1560,1364,32.236602,110.951887,285
1,9,12,11,11,658,1184,831,32.236587,110.951900,286
1,6,8,7,7,989,730,361,32.236609,110.951881,287
1,6,8,7,8,1331,617,387,32.236592,110.951911,288
1,10,13,12,11,1368,948,884,32.236590,110.951903,289
1,14,18,17,14,1067,1418,1396,32.236614,110.951911,290
1,15,18,18,15,704,1596,1452,32.236589,110.951912,291
1,11,14,13,12,614,1318,1000,32.236595,110.951903,292
1,6,9,8,8,878,839,456,32.236620,110.951886,293
1,5,8,6,7,1255,600,320,32.236584,110.951885,294
1,8,11,10,10,1397,821,717,32.236590,110.951870,295
1,13,17,16,14,1174,1298,1282,32.236599,110.951873,296
1,15,18,18,15,791,1593,1496,32.236596,110.951875,297
1,12,15,15,13,600,1435,1162,32.236619,110.951877,298
1,7,10,9,9,776,969,587,32.236596,110.951910,299
1,5,8,6,7,1158,623,300,32.236613,110.951895,300
1,7,10,9,9,1395,716,565,32.236594,110.951879,301
1,12,15,14,13,1268,1162,1138,32.236581,110.951879,302
1,15,18,18,15,895,1551,1492,32.236618,110.951882,303
1,13,17,16,14,618,1525,1302,32.236571,110.951893,304
1,9,12,10,10,693,1109,743,32.236603,110.951898,305
1,5,8,6,7,1049,684,328,32.236618,110.951873,306
1,6,9,7,8,1361,642,439,32.236603,110.951918,307
1,11,14,13,11,1340,1021,974,32.236595,110.951882,308
1,15,18,17,15,1007,1473,1441,32.236619,110.951914,309
1,14,18,17,14,667,1582,1411,32.236610,110.951893,310
1,10,13,12,11,633,1248,911,32.236601,110.951914,311
1,6,8,7,8,937,778,401,32.236619,110.951917,312
1,5,8,7,7,1298,604,350,32.236590,110.951891,313
1,9,12,11,10,1386,886,805,32.236589,110.951908,314
1,14,17,16,14,1119,1365,1347,32.236606,110.951913,315
1,15,18,18,15,743,1600,1478,32.236611,110.951890,316
1,11,15,14,12,603,1376,1078,32.236578,110.951901,317
1,7,9,8,8,829,898,514,32.236615,110.951914,318
1,5,8,6,7,1212,606,305,32.236617,110.951896,319
1,8,11,9,9,1400,768,643,32.236588,110.951873,320
1,13,16,15,13,1221,1235,1217,32.236576,110.951914,321
1,15,18,18,15,838,1578,1500,32.236585,110.951915,322
1,13,16,15,13,605,1481,1231,32.236593,110.951891,323
1,8,11,10,9,735,1034,658,32.236585,110.951892,324
1,5,8,6,7,1108,647,307,32.236615,110.951883,325
1,7,9,8,8,1383,677,502,32.236576,110.951874,326
1,11,14,14,12,1305,1096,1063,32.236591,110.951877,327
1,15,18,18,15,947,1518,1474,32.236611,110.951897,328
1,14,17,17,14,638,1556,1358,32.236573,110.951909,329
1,9,12,11,10,662,1175,821,32.236604,110.951879,330
1,5,8,7,7,996,724,357,32.236618,110.951884,331
1,6,8,7,8,1335,619,392,32.236571,110.951913,332
1,10,13,12,11,1365,956,895,32.236597,110.951906,333
1,14,18,17,14,1060,1425,1402,32.236600,110.951917,334
1,15,18,17,15,700,1595,1448,32.236617,110.951899,335
1,11,14,13,12,615,1310,990,32.236608,110.951900,336
1,6,9,7,8,885,832,449,32.236593,110.951877,337
1,5,8,6,7,1260,600,323,32.236611,110.951898,338
1,9,11,10,10,1396,828,727,32.236606,110.951915,339
1,13,17,16,14,1168,1306,1290,32.236613,110.951902,340
1,15,18,18,15,785,1595,1494,32.236611,110.951912,341
1,12,15,15,13,600,1428,1152,32.236590,110.951888,342
1,7,10,9,9,782,960,578,32.236583,110.951903,343
1,5,8,6,7,1165,621,300,32.236597,110.951891,344
1,7,10,9,9,1396,722,574,32.236618,110.951873,345
1,12,15,14,13,1263,1171,1147,32.236605,110.951915,346
1,15,18,18,15,888,1555,1494,32.236570,110.951909,347
1,13,17,16,14,616,1521,1294,32.236591,110.951893,348
1,9,11,10,10,697,1100,732,32.236593,110.951912,349
1,5,8,6,7,1056,679,325,32.236610,110.951876,350
1,6,9,7,8,1364,645,446,32.236596,110.951917,351
1,11,14,13,12,1337,1029,985,32.236587,110.951905,352
1,15,18,17,15,1000,1478,1446,32.236584,110.951915,353
1,14,18,17,14,663,1579,1405,32.236581,110.951886,354
1,10,13,12,11,636,1240,900,32.236586,110.951913,355
1,6,8,7,8,944,771,395,32.236587,110.951897,356
1,5,8,7,7,1303,605,354,32.236599,110.951887,357
1,9,12,11,10,1384,894,815,32.236587,110.951889,358
1,14,17,17,14,1112,1372,1354,32.236580,110.951881,359
1,15,18,18,15,737,1600,1475,32.236601,110.951899,360
1,11,15,14,12,604,1368,1068,32.236591,110.951869,361
1,7,9,8,8,835,890,506,32.236579,110.951879,362
1,5,8,6,7,1218,605,306,32.236603,110.951899,363
1,8,11,10,9,1400,775,653,32.236604,110.951911,364
1,13,16,15,13,1215,1244,1226,32.236610,110.951902,365
1,15,18,18,15,832,1581,1500,32.236576,110.951893,366
1,13,16,15,13,604,1475,1222,32.236586,110.951889,367
1,8,11,9,9,740,1025,648,32.236620,110.951882,368
1,5,8,6,7,1115,644,306,32.236601,110.951891,369
1,7,9,8,8,1385,682,510,32.236606,110.951868,370
1,11,15,14,12,1300,1104,1073,32.236586,110.951874,371
1,15,18,18,15,940,1523,1477,32.236572,110.951879,372
1,14,17,17,14,635,1553,1351,32.236585,110.951875,373
1,9,12,11,10,665,1166,810,32.236612,110.951914,374
1,5,8,7,7,1004,719,352,32.236601,110.951887,375
1,6,8,7,8,1338,622,398,32.236583,110.951889,376
1,10,13,12,11,1362,965,905,32.236613,110.951902,377
1,14,18,17,14,1053,1432,1408,32.236595,110.951908,378
1,15,18,17,15,695,1594,1443,32.236571,110.951912,379
1,11,14,13,12,617,1302,979,32.236580,110.951902,380
1,6,9,7,8,892,824,442,32.236601,110.951916,381
1,5,8,6,7,1265,600,326,32.236597,110.951915,382
1,9,12,10,10,1395,835,737,32.236587,110.951872,383
1,13,17,16,14,1162,1314,1298,32.236582,110.951873,384
1,15,18,18,15,779,1596,1493,32.236577,110.951889,385
1,12,15,14,13,600,1422,1142,32.236585,110.951910,386
1,7,10,9,9,788,952,569,32.236608,110.951895,387
1,5,8,6,7,1171,618,300,32.236570,110.951915,388
1,7,10,9,9,1397,727,583,32.236617,110.951887,389
1,12,15,15,13,1257,1179,1157,32.236572,110.951872,390
1,15,18,18,15,881,1558,1495,32.236571,110.951914,391
1,13,17,16,14,614,1516,1286,32.236587,110.951879,392
1,9,11,10,10,702,1091,722,32.236589,110.951900,393
1,5,8,6,7,1063,675,322,32.236618,110.951874,394
1,6,9,8,8,1367,649,453,32.236603,110.951880,395
1,11,14,13,12,1333,1038,995,32.236581,110.951917,396
1,15,18,17,15,993,1484,1450,32.236593,110.951885,397
1,14,18,17,14,660,1577,1399,32.236604,110.951883,398
1,10,13,12,11,639,1231,889,32.236576,110.951909,399
1,6,8,7,8,951,765,389,32.236602,110.951893,400
1,5,8,7,7,1307,607,359,32.236587,110.951899,401
1,9,12,11,11,1381,902,826,32.236610,110.951909,402
1,14,17,17,14,1105,1379,1361,32.236605,110.951870,403
1,15,18,18,15,732,1600,1472,32.236592,110.951891,404
1,11,14,14,12,605,1361,1057,32.236617,110.951869,405
1,7,9,8,8,842,882,498,32.236600,110.951877,406
1,5,8,6,7,1224,604,308,32.236601,110.951906,407
1,8,11,10,9,1400,782,662,32.236587,110.951884,408
1,13,16,15,13,1209,1252,1235,32.236598,110.951918,409
1,15,18,18,15,826,1583,1500,32.236598,110.951910,410
1,13,16,15,13,603,1470,1213,32.236600,110.951882,411
1,8,11,9,9,745,1016,638,32.236604,110.951911,412
1,5,8,6,7,1122,640,304,32.236579,110.951901,413
1,7,9,8,8,1386,687,518,32.236614,110.951901,414
1,12,15,14,12,1296,1113,1083,32.236587,110.951911,415
1,15,18,18,15,933,1528,1480,32.236605,110.951904,416
1,14,17,16,14,632,1549,1343,32.236612,110.951892,417
1,9,12,11,10,669,1157,800,32.236612,110.951906,418
1,5,8,6,7,1011,713,348,32.236587,110.951900,419
1,6,8,7,8,1342,624,404,32.236601,110.951918,420
1,10,13,12,11,1359,973,916,32.236591,110.951918,421
1,14,18,17,14,1046,1438,1413,32.236585,110.951881,422
1,14,18,17,15,690,1593,1439,32.236596,110.951892,423
1,11,14,13,11,620,1294,969,32.236606,110.951891,424
1,6,9,7,8,898,817,436,32.236590,110.951897,425
1,5,8,6,7,1271,600,329,32.236570,110.951879,426
1,9,12,10,10,1394,843,748,32.236606,110.951875,427
1,13,17,16,14,1155,1322,1306,32.236619,110.951892,428
1,15,18,18,15,774,1597,1491,32.236589,110.951872,429
1,12,15,14,13,600,1415,1133,32.236586,110.951897,430
1,7,10,9,9,794,943,560,32.236593,110.951897,431
1,5,8,6,7,1178,616,300,32.236616,110.951882,432
1,7,10,9,9,1398,733,592,32.236603,110.951913,433
1,12,15,15,13,1252,1188,1166,32.236587,110.951913,434
1,15,18,18,15,875,1562,1496,32.236578,110.951893,435
1,13,16,16,14,613,1511,1278,32.236582,110.951874,436
1,8,11,10,10,707,1082,712,32.236595,110.951877,437
1,5,8,6,7,1070,670,319,32.236610,110.951907,438
1,6,9,8,8,1369,653,460,32.236584,110.951898,439
1,11,14,13,12,1329,1047,1006,32.236601,110.951872,440
1,15,18,18,15,986,1490,1454,32.236618,110.951913,441
1,14,18,17,14,656,1574,1393,32.236598,110.951915,442
1,10,13,12,11,642,1223,879,32.236606,110.951878,443
1,6,8,7,8,958,758,384,32.236576,110.951900,444
1,6,8,7,7,1312,608,364,32.236575,110.951891,445
1,9,12,11,11,1379,910,836,32.236586,110.951888,446
1,14,17,17,14,1098,1387,1368,32.236608,110.951887,447
1,15,18,18,15,727,1600,1469,32.236619,110.951871,448
1,11,14,13,12,607,1353,1047,32.236584,110.951905,449
1,7,9,8,8,848,874,490,32.236608,110.951905,450
1,5,8,6,7,1229,603,310,32.236604,110.951875,451
1,8,11,10,9,1400,789,672,32.236585,110.951889,452
1,13,16,15,13,1203,1261,1244,32.236594,110.951910,453
1,15,18,18,15,819,1585,1500,32.236582,110.951891,454
1,13,16,15,13,602,1464,1204,32.236619,110.951879,455
1,8,11,9,9,751,1008,629,32.236616,110.951873,456
1,5,8,6,7,1129,637,303,32.236586,110.951917,457
1,7,10,8,9,1388,692,526,32.236602,110.951881,458
1,12,15,14,12,1291,1122,1093,32.236616,110.951907,459
1,15,18,18,15,926,1532,1482,32.236611,110.951901,460
1,14,17,16,14,629,1545,1336,32.236617,110.951915,461
1,9,12,11,10,673,1149,789,32.236617,110.951889,462
1,5,8,6,7,1018,708,344,32.236590,110.951875,463
1,6,9,7,8,1346,627,410,32.236606,110.951890,464
1,10,13,12,11,1356,982,927,32.236587,110.951884,465
1,14,18,17,14,1039,1445,1419,32.236602,110.951885,466
1,14,18,17,15,686,1591,1434,32.236617,110.951873,467
1,10,14,13,11,622,1286,958,32.236588,110.951898,468
1,6,9,7,8,905,810,429,32.236613,110.951915,469
1,5,8,6,7,1276,601,333,32.236574,110.951882,470
1,9,12,11,10,1393,851,758,32.236580,110.951869,471
1,13,17,16,14,1149,1330,1314,32.236606,110.951891,472
1,15,18,18,15,768,1598,1489,32.236606,110.951873,473
1,12,15,14,12,600,1408,1123,32.236593,110.951891,474
1,7,10,9,9,801,935,552,32.236575,110.951876,475
1,5,8,6,7,1184,614,301,32.236578,110.951881,476
1,8,10,9,9,1398,739,601,32.236584,110.951905,477
1,12,16,15,13,1246,1197,1176,32.236607,110.951874,478
1,15,18,18,15,868,1565,1497,32.236581,110.951889,479
1,13,16,16,13,611,1506,1270,32.236614,110.951901,480
1,8,11,10,10,712,1073,702,32.236596,110.951892,481
1,5,8,6,7,1077,666,316,32.236584,110.951874,482
1,6,9,8,8,1372,657,467,32.236587,110.951890,483
1,11,14,13,12,1325,1056,1016,32.236576,110.951895,484
1,15,18,18,15,979,1495,1458,32.236616,110.951898,485
1,14,17,17,14,652,1571,1387,32.236614,110.951917,486
1,10,13,12,11,646,1214,868,32.236606,110.951869,487
1,6,8,7,8,965,752,379,32.236572,110.951895,488
1,6,8,7,7,1316,610,368,32.236586,110.951870,489
1,10,13,11,11,1377,918,847,32.236581,110.951898,490
1,14,17,17,14,1091,1394,1374,32.236604,110.951910,491
1,15,18,18,15,722,1599,1466,32.236617,110.951874,492
1,11,14,13,12,608,1345,1037,32.236572,110.951913,493
1,7,9,8,8,855,866,482,32.236600,110.951910,494
1,5,8,6,7,1235,602,312,32.236577,110.951914,495
1,8,11,10,10,1399,795,682,32.236594,110.951872,496
1,13,16,16,13,1196,1269,1253,32.236619,110.951892,497
1,15,18,18,15,813,1587,1499,32.236591,110.951870,498
1,12,16,15,13,601,1457,1195,32.236577,110.951906,499
1,8,10,9,9,756,999,619,32.236610,110.951910,500
1,5,8,6,7,1135,633,302,32.236573,110.951897,501
1,7,10,8,9,1390,697,535,32.236606,110.951879,502
1,12,15,14,12,1286,1131,1103,32.236608,110.951884,503
1,15,18,18,15,919,1537,1485,32.236619,110.951873,504
1,14,17,16,14,627,1541,1329,32.236573,110.951881,505
1,9,12,11,10,677,1140,779,32.236577,110.951904,506
1,5,8,6,7,1025,702,340,32.236606,110.951910,507
1,6,9,7,8,1349,630,416,32.236619,110.951894,508
1,10,13,12,11,1353,990,937,32.236576,110.951903,509
1,14,18,17,14,1032,1451,1424,32.236572,110.951909,510
1,14,18,17,15,682,1589,1429,32.236609,110.951877,511
1,10,13,12,11,624,1277,948,32.236603,110.951899,512
1,6,9,7,8,912,803,422,32.236588,110.951876,513
1,5,8,6,7,1281,601,336,32.236608,110.951903,514
1,9,12,11,10,1391,858,768,32.236581,110.951897,515
1,14,17,16,14,1142,1338,1321,32.236599,110.951891,516
1,15,18,18,15,762,1599,1487,32.236584,110.951880,517
1,12,15,14,12,601,1401,1113,32.236606,110.951877,518
1,7,10,8,9,807,927,543,32.236586,110.951881,519
1,5,8,6,7,1190,612,301,32.236611,110.951885,520
1,8,10,9,9,1399,746,610,32.236591,110.951902,521
1,12,16,15,13,1241,1205,1185,32.236584,110.951915,522
1,15,18,18,15,861,1568,1498,32.236612,110.951905,523
1,13,16,16,13,609,1501,1261,32.236578,110.951897,524
1,8,11,10,10,717,1065,692,32.236608,110.951903,525
1,5,8,6,7,1084,661,314,32.236579,110.951895,526
1,6,9,8,8,1375,661,475,32.236588,110.951873,527
1,11,14,13,12,1320,1065,1027,32.236587,110.951883,528
1,15,18,18,15,972,1501,1462,32.236610,110.951883,529
1,14,17,17,14,649,1568,1381,32.236583,110.951888,530
1,10,13,12,11,649,1205,858,32.236615,110.951910,531
1,6,8,7,7,972,746,373,32.236590,110.951915,532
1,6,8,7,7,1320,612,373,32.236605,110.951873,533
1,10,13,12,11,1375,927,858,32.236580,110.951896,534
1,14,17,17,14,1084,1401,1381,32.236579,110.951911,535
1,15,18,18,15,717,1599,1462,32.236584,110.951887,536
1,11,14,13,12,609,1338,1026,32.236581,110.951906,537
1,6,9,8,8,861,858,475,32.236606,110.951873,538
1,5,8,6,7,1241,601,314,32.236599,110.951915,539
1,8,11,10,10,1399,803,692,32.236601,110.951912,540
1,13,16,16,13,1190,1277,1261,32.236597,110.951890,541
1,15,18,18,15,807,1589,1498,32.236612,110.951898,542
1,12,16,15,13,601,1451,1185,32.236586,110.951885,543
1,8,10,9,9,762,990,610,32.236587,110.951916,544
1,5,8,6,7,1142,630,301,32.236611,110.951904,545
1,7,10,8,9,1391,702,543,32.236583,110.951904,546
1,12,15,14,12,1281,1140,1113,32.236599,110.951917,547
1,15,18,18,15,912,1541,1487,32.236576,110.951904,548
1,14,17,16,14,624,1537,1321,32.236589,110.951913,549
1,9,12,11,10,682,1131,768,32.236590,110.951878,550
1,5,8,6,7,1032,697,336,32.236593,110.951901,551
1,6,9,7,8,1353,633,423,32.236594,110.951900,552
1,10,13,12,11,1349,999,948,32.236577,110.951880,553
1,14,18,17,15,1025,1457,1429,32.236578,110.951890,554
1,14,18,17,14,677,1587,1424,32.236605,110.951914,555
1,10,13,12,11,627,1269,937,32.236600,110.951905,556
1,6,9,7,8,919,795,416,32.236608,110.951915,557
1,5,8,6,7,1286,602,340,32.236619,110.951916,558
1,9,12,11,10,1390,866,779,32.236571,110.951903,559
1,14,17,16,14,1135,1346,1329,32.236593,110.951874,560
1,15,18,18,15,756,1599,1485,32.236588,110.951907,561
1,12,15,14,12,601,1394,1103,32.236586,110.951884,562
1,7,10,8,9,813,918,535,32.236614,110.951891,563
1,5,8,6,7,1196,610,302,32.236601,110.951897,564
1,8,10,9,9,1399,752,619,32.236601,110.951869,565
1,12,16,15,13,1235,1214,1195,32.236616,110.951884,566
1,15,18,18,15,855,1571,1499,32.236612,110.951880,567
1,13,16,16,13,608,1495,1253,32.236608,110.951906,568
1,8,11,10,10,722,1056,682,32.236602,110.951902,569
1,5,8,6,7,1091,657,312,32.236609,110.951903,570
1,7,9,8,8,1377,666,482,32.236581,110.951869,571
1,11,14,13,12,1316,1073,1037,32.236575,110.951909,572
1,15,18,18,15,965,1506,1466,32.236575,110.951885,573
1,14,17,17,14,646,1565,1374,32.236586,110.951916,574
1,10,13,11,11,652,1197,847,32.236582,110.951910,575
1,6,8,7,7,979,739,368,32.236606,110.951883,576
1,6,8,7,8,1325,614,379,32.236580,110.951915,577
1,10,13,12,11,1372,935,868,32.236608,110.951880,578
1,14,17,17,14,1077,1408,1387,32.236613,110.951899,579
1,15,18,18,15,712,1598,1458,32.236620,110.951893,580
1,11,14,13,12,611,1330,1016,32.236619,110.951874,581
1,6,9,8,8,868,851,467,32.236619,110.951873,582
1,5,8,6,7,1246,601,316,32.236618,110.951910,583
1,8,11,10,10,1398,810,702,32.236613,110.951910,584
1,13,16,16,13,1184,1286,1270,32.236602,110.951915,585
1,15,18,18,15,800,1591,1497,32.236583,110.951900,586
1,12,16,15,13,600,1445,1176,32.236592,110.951886,587
1,8,10,9,9,768,982,601,32.236586,110.951873,588
1,5,8,6,7,1149,627,301,32.236584,110.951891,589
1,7,10,9,9,1393,708,552,32.236617,110.951900,590
1,12,15,14,12,1276,1149,1123,32.236593,110.951871,591
1,15,18,18,15,905,1545,1489,32.236616,110.951891,592
1,13,17,16,14,622,1532,1314,32.236617,110.951873,593
1,9,12,11,10,686,1122,758,32.236601,110.951917,594
1,5,8,6,7,1039,692,333,32.236581,110.951883,595
1,6,9,7,8,1356,637,429,32.236613,110.951900,596
1,10,14,13,11,1346,1008,958,32.236618,110.951886,597
1,14,18,17,15,1018,1464,1434,32.236583,110.951870,598
1,14,18,17,14,673,1585,1419,32.236596,110.951880,599
1,10,13,12,11,629,1261,927,32.236612,110.951895,600
1,6,9,7,8,926,788,410,32.236607,110.951872,601
1,5,8,6,7,1291,603,344,32.236588,110.951874,602
1,9,12,11,10,1388,874,789,32.236597,110.951873,603
1,14,17,16,14,1129,1353,1336,32.236613,110.951916,604
1,15,18,18,15,751,1600,1482,32.236617,110.951905,605
1,12,15,14,12,602,1387,1093,32.236607,110.951898,606
1,7,10,8,9,819,910,526,32.236616,110.951895,607
1,5,8,6,7,1203,608,303,32.236597,110.951902,608
1,8,11,9,9,1400,758,629,32.236588,110.951905,609
1,13,16,15,13,1229,1223,1204,32.236589,110.951874,610
1,15,18,18,15,848,1574,1500,32.236593,110.951876,611
1,13,16,15,13,607,1490,1244,32.236610,110.951888,612
1,8,11,10,9,727,1047,672,32.236591,110.951913,613
1,5,8,6,7,1098,653,310,32.236575,110.951878,614
1,7,9,8,8,1379,670,490,32.236576,110.951904,615
1,11,14,13,12,1312,1082,1047,32.236572,110.951872,616
1,15,18,18,15,958,1511,1469,32.236595,110.951874,617
1,14,17,17,14,642,1562,1368,32.236576,110.951880,618
1,9,12,11,11,656,1188,836,32.236582,110.951905,619
1,6,8,7,7,986,733,364,32.236578,110.951871,620
1,6,8,7,8,1329,616,384,32.236606,110.951906,621
1,10,13,12,11,1369,943,879,32.236584,110.951887,622
1,14,18,17,14,1070,1415,1393,32.236581,110.951909,623
1,15,18,18,15,707,1597,1454,32.236575,110.951889,624
1,11,14,13,12,613,1322,1006,32.236594,110.951879,625
1,6,9,8,8,875,843,460,32.236597,110.951901,626
1,5,8,6,7,1252,600,319,32.236580,110.951897,627
1,8,11,10,10,1398,817,712,32.236597,110.951881,628
1,13,16,16,14,1178,1294,1278,32.236607,110.951901,629
1,15,18,18,15,794,1593,1496,32.236590,110.951885,630
1,12,15,15,13,600,1438,1166,32.236603,110.951874,631
1,7,10,9,9,774,973,592,32.236584,110.951908,632
1,5,8,6,7,1155,624,300,32.236602,110.951874,633
1,7,10,9,9,1394,713,560,32.236604,110.951897,634
1,12,15,14,13,1271,1157,1133,32.236608,110.951872,635
1,15,18,18,15,898,1549,1491,32.236617,110.951878,636
1,13,17,16,14,620,1528,1306,32.236601,110.951872,637
1,9,12,10,10,690,1113,748,32.236571,110.951898,638
1,5,8,6,7,1046,687,329,32.236596,110.951874,639
1,6,9,7,8,1359,640,436,32.236611,110.951878,640
1,11,14,13,11,1342,1016,969,32.236616,110.951871,641
1,14,18,17,15,1011,1470,1439,32.236605,110.951881,642
1,14,18,17,14,669,1583,1413,32.236593,110.951909,643
1,10,13,12,11,632,1252,916,32.236581,110.951885,644
1,6,8,7,8,933,782,404,32.236586,110.951869,645
1,5,8,6,7,1296,604,348,32.236582,110.951912,646
1,9,12,11,10,1386,882,800,32.236613,110.951885,647
1,14,17,16,14,1122,1361,1344,32.236586,110.951888,648
1,15,18,18,15,745,1600,1480,32.236609,110.951877,649
1,12,15,14,12,603,1379,1083,32.236612,110.951874,650
1,7,9,8,8,826,902,518,32.236593,110.951902,651
1,5,8,6,7,1209,607,304,32.236572,110.951912,652
1,8,11,9,9,1400,765,638,32.236598,110.951890,653
1,13,16,15,13,1223,1231,1213,32.236582,110.951878,654
1,15,18,18,15,842,1577,1500,32.236576,110.951896,655
1,13,16,15,13,605,1484,1235,32.236577,110.951896,656
1,8,11,10,9,732,1038,662,32.236616,110.951871,657
1,5,8,6,7,1105,649,308,32.236606,110.951914,658
1,7,9,8,8,1382,675,498,32.236590,110.951878,659
1,11,14,14,12,1307,1091,1057,32.236574,110.951890,660
1,15,18,18,15,951,1516,1472,32.236574,110.951914,661
1,14,17,17,14,639,1558,1361,32.236593,110.951913,662
1,9,12,11,11,660,1179,826,32.236572,110.951917,663
1,5,8,7,7,993,727,359,32.236599,110.951904,664
1,6,8,7,8,1333,618,389,32.236588,110.951903,665
1,10,13,12,11,1367,952,889,32.236578,110.951912,666
1,14,18,17,14,1063,1422,1399,32.236573,110.951910,667
1,15,18,17,15,702,1596,1450,32.236589,110.951881,668
1,11,14,13,12,614,1314,995,32.236583,110.951897,669
1,6,9,8,8,881,835,453,32.236578,110.951874,670
1,5,8,6,7,1257,600,322,32.236595,110.951885,671
1,9,11,10,10,1397,824,722,32.236572,110.951873,672
1,13,17,16,14,1171,1302,1286,32.236600,110.951876,673
1,15,18,18,15,788,1594,1495,32.236614,110.951914,674
1,12,15,15,13,600,1432,1157,32.236604,110.951877,675
1,7,10,9,9,779,965,583,32.236609,110.951911,676
1,5,8,6,7,1162,622,300,32.236577,110.951918,677
1,7,10,9,9,1395,719,569,32.236594,110.951900,678
1,12,15,14,13,1265,1166,1142,32.236590,110.951892,679
1,15,18,18,15,892,1553,1493,32.236598,110.951914,680
1,13,17,16,14,617,1523,1298,32.236612,110.951910,681
1,9,12,10,10,695,1104,737,32.236604,110.951900,682
1,5,8,6,7,1053,682,326,32.236613,110.951898,683
1,6,9,7,8,1362,644,442,32.236574,110.951901,684
1,11,14,13,12,1338,1025,979,32.236577,110.951910,685
1,15,18,17,15,1004,1476,1443,32.236613,110.951886,686
1,14,18,17,14,665,1581,1408,32.236611,110.951887,687
1,10,13,12,11,635,1244,905,32.236588,110.951903,688
1,6,8,7,8,940,775,398,32.236602,110.951915,689
1,5,8,7,7,1300,605,352,32.236581,110.951872,690
1,9,12,11,10,1385,890,810,32.236573,110.951906,691
1,14,17,17,14,1115,1368,1351,32.236579,110.951895,692
1,15,18,18,15,740,1600,1477,32.236586,110.951915,693
1,11,15,14,12,604,1372,1073,32.236591,110.951905,694
1,7,9,8,8,832,894,510,32.236585,110.951872,695
1,5,8,6,7,1215,605,306,32.236574,110.951908,696
1,8,11,9,9,1400,772,648,32.236578,110.951914,697
1,13,16,15,13,1218,1240,1222,32.236591,110.951915,698
1,15,18,18,15,835,1579,1500,32.236570,110.951895,699
1,13,16,15,13,604,1478,1226,32.236583,110.951881,700
1,8,11,10,9,737,1029,653,32.236580,110.951890,701
1,5,8,6,7,1112,645,306,32.236583,110.951904,702
1,7,9,8,8,1384,679,506,32.236603,110.951909,703
1,11,15,14,12,1303,1100,1068,32.236586,110.951904,704
1,15,18,18,15,944,1521,1475,32.236578,110.951894,705
1,14,17,17,14,636,1555,1354,32.236573,110.951890,706
1,9,12,11,10,663,1171,815,32.236597,110.951878,707
1,5,8,7,7,1000,722,354,32.236616,110.951911,708
1,6,8,7,8,1337,621,395,32.236587,110.951912,709
1,10,13,12,11,1364,960,900,32.236580,110.951878,710
1,14,18,17,14,1056,1429,1405,32.236614,110.951874,711
1,15,18,17,15,697,1595,1446,32.236596,110.951914,712
1,11,14,13,12,616,1306,985,32.236588,110.951876,713
1,6,9,7,8,888,828,446,32.236611,110.951869,714
1,5,8,6,7,1263,600,325,32.236585,110.951879,715
1,9,11,10,10,1396,832,732,32.236586,110.951882,716
1,13,17,16,14,1165,1310,1294,32.236616,110.951891,717
1,15,18,18,15,782,1595,1494,32.236619,110.951871,718
1,12,15,14,13,600,1425,1147,32.236588,110.951906,719
1,7,10,9,9,785,956,574,32.236587,110.951915,720
1,5,8,6,7,1168,619,300,32.236608,110.951888,721
1,7,10,9,9,1396,725,578,32.236571,110.951907,722
1,12,15,15,13,1260,1175,1152,32.236586,110.951875,723
1,15,18,18,15,885,1556,1494,32.236594,110.951869,724
1,13,17,16,14,615,1518,1290,32.236603,110.951886,725
1,9,11,10,10,700,1096,727,32.236609,110.951878,726
1,5,8,6,7,1060,677,323,32.236580,110.951917,727
1,6,9,7,8,1365,647,449,32.236576,110.951884,728
1,11,14,13,12,1335,1034,990,32.236617,110.951914,729
1,15,18,17,15,996,1481,1448,32.236600,110.951884,730
1,14,18,17,14,661,1578,1402,32.236601,110.951878,731
1,10,13,12,11,638,1235,895,32.236615,110.951871,732
1,6,8,7,8,947,768,392,32.236587,110.951876,733
1,5,8,7,7,1305,606,357,32.236617,110.951894,734
1,9,12,11,10,1383,898,821,32.236585,110.951871,735
1,14,17,17,14,1108,1376,1358,32.236584,110.951879,736
1,15,18,18,15,735,1600,1474,32.236570,110.951878,737
1,11,14,14,12,605,1365,1063,32.236581,110.951872,738
1,7,9,8,8,838,886,502,32.236577,110.951881,739
1,5,8,6,7,1221,604,307,32.236574,110.951887,740
1,8,11,10,9,1400,778,658,32.236598,110.951898,741
1,13,16,15,13,1212,1248,1231,32.236619,110.951899,742
1,15,18,18,15,829,1582,1500,32.236594,110.951897,743
1,13,16,15,13,603,1473,1217,32.236608,110.951870,744
1,8,11,9,9,743,1021,643,32.236590,110.951882,745
1,5,8,6,7,1119,642,305,32.236604,110.951894,746
1,7,9,8,8,1386,684,514,32.236579,110.951878,747
1,11,15,14,12,1298,1109,1078,32.236593,110.951889,748
1,15,18,18,15,937,1525,1478,32.236580,110.951889,749
1,14,17,16,14,633,1551,1347,32.236578,110.951887,750
1,9,12,11,10,667,1162,805,32.236596,110.951918,751
1,5,8,7,7,1007,716,350,32.236593,110.951910,752
1,6,8,7,8,1340,623,401,32.236614,110.951870,753
1,10,13,12,11,1361,969,911,32.236613,110.951906,754
1,14,18,17,14,1049,1435,1411,32.236585,110.951869,755
1,15,18,17,15,693,1593,1441,32.236609,110.951869,756
1,11,14,13,11,619,1298,974,32.236618,110.951914,757
1,6,9,7,8,895,821,439,32.236593,110.951907,758
1,5,8,6,7,1268,600,328,32.236579,110.951869,759
1,9,12,10,10,1395,839,743,32.236604,110.951874,760
1,13,17,16,14,1158,1318,1302,32.236608,110.951883,761
1,15,18,18,15,776,1596,1492,32.236610,110.951880,762
1,12,15,14,13,600,1418,1138,32.236610,110.951904,763
1,7,10,9,9,791,948,565,32.236613,110.951908,764
1,5,8,6,7,1174,617,300,32.236577,110.951897,765
1,7,10,9,9,1397,730,587,32.236599,110.951891,766
1,12,15,15,13,1255,1184,1162,32.236609,110.951871,767
1,15,18,18,15,878,1560,1496,32.236603,110.951899,768
1,13,17,16,14,614,1513,1282,32.236604,110.951891,769
1,8,11,10,10,704,1087,717,32.236601,110.951917,770
1,5,8,6,7,1067,672,320,32.236596,110.951892,771
1,6,9,8,8,1368,651,457,32.236609,110.951914,772
1,11,14,13,12,1331,1043,1000,32.236595,110.951873,773
1,15,18,18,15,989,1487,1452,32.236605,110.951894,774
1,14,18,17,14,658,1576,1396,32.236596,110.951874,775
1,10,13,12,11,641,1227,884,32.236604,110.951879,776
1,6,8,7,8,954,762,387,32.236598,110.951905,777
1,6,8,7,7,1310,607,361,32.236607,110.951875,778
1,9,12,11,11,1380,906,831,32.236605,110.951904,779
1,14,17,17,14,1102,1383,1364,32.236605,110.951904,780
1,15,18,18,15,729,1600,1471,32.236584,110.951904,781
1,11,14,14,12,606,1357,1052,32.236577,110.951900,782
1,7,9,8,8,845,878,494,32.236603,110.951917,783
1,5,8,6,7,1226,603,309,32.236616,110.951878,784
1,8,11,10,9,1400,785,667,32.236598,110.951901,785
1,13,16,15,13,1206,1257,1240,32.236611,110.951900,786
1,15,18,18,15,822,1584,1500,32.236595,110.951898,787
1,13,16,15,13,602,1467,1208,32.236586,110.951868,788
1,8,11,9,9,748,1012,633,32.236608,110.951877,789
1,5,8,6,7,1125,638,304,32.236576,110.951899,790
1,7,10,8,8,1387,689,522,32.236596,110.951889,791
1,12,15,14,12,1293,1118,1088,32.236576,110.951883,792
1,15,18,18,15,930,1530,1481,32.236571,110.951885,793
1,14,17,16,14,631,1547,1340,32.236575,110.951880,794
1,9,12,11,10,671,1153,794,32.236595,110.951896,795
1,5,8,6,7,1014,710,346,32.236593,110.951901,796
1,6,8,7,8,1344,626,407,32.236614,110.951893,797
1,10,13,12,11,1358,977,921,32.236607,110.951877,798
1,14,18,17,14,1042,1442,1416,32.236615,110.951885,799
1,14,18,17,15,688,1592,1436,32.236616,110.951911,800
1,11,14,13,11,621,1290,964,32.236603,110.951880,801
1,6,9,7,8,902,813,432,32.236603,110.951874,802
1,5,8,6,7,1273,600,331,32.236607,110.951873,803
1,9,12,11,10,1393,847,753,32.236615,110.951918,804
1,13,17,16,14,1152,1326,1310,32.236574,110.951909,805
1,15,18,18,15,771,1597,1490,32.236570,110.951899,806
1,12,15,14,13,600,1411,1128,32.236577,110.951877,807
1,7,10,9,9,797,939,556,32.236604,110.951898,808
1,5,8,6,7,1181,615,300,32.236573,110.951911,809
1,7,10,9,9,1398,736,596,32.236607,110.951876,810
1,12,15,15,13,1249,1192,1171,32.236574,110.951914,811
1,15,18,18,15,871,1563,1497,32.236609,110.951897,812
1,13,16,16,13,612,1508,1274,32.236610,110.951913,813
1,8,11,10,10,709,1078,707,32.236619,110.951894,814
1,5,8,6,7,1074,668,318,32.236612,110.951888,815
1,6,9,8,8,1371,655,464,32.236577,110.951907,816
1,11,14,13,12,1327,1051,1011,32.236573,110.951891,817
1,15,18,18,15,982,1493,1456,32.236603,110.951892,818
1,14,17,17,14,654,1573,1390,32.236590,110.951878,819
1,10,13,12,11,644,1218,873,32.236593,110.951888,820
1,6,8,7,8,961,755,381,32.236579,110.951900,821
1,6,8,7,7,1314,609,366,32.236577,110.951883,822
1,10,12,11,11,1378,914,842,32.236607,110.951868,823
1,14,17,17,14,1095,1390,1371,32.236606,110.951891,824
1,15,18,18,15,724,1599,1467,32.236580,110.951900,825
1,11,14,13,12,607,1349,1042,32.236602,110.951873,826
1,7,9,8,8,851,870,486,32.236610,110.951895,827
1,5,8,6,7,1232,602,311,32.236615,110.951870,828
1,8,11,10,10,1400,792,677,32.236600,110.951870,829
1,13,16,15,13,1199,1265,1248,32.236605,110.951906,830
1,15,18,18,15,816,1586,1499,32.236594,110.951893,831
1,12,16,15,13,602,1460,1199,32.236618,110.951876,832
1,8,10,9,9,754,1003,624,32.236597,110.951918,833
1,5,8,6,7,1132,635,303,32.236614,110.951899,834
1,7,10,8,9,1389,694,530,32.236592,110.951908,835
1,12,15,14,12,1288,1127,1098,32.236590,110.951916,836
1,15,18,18,15,923,1534,1484,32.236602,110.951898,837
1,14,17,16,14,628,1543,1333,32.236600,110.951870,838
1,9,12,11,10,675,1144,784,32.236572,110.951881,839
1,5,8,6,7,1021,705,342,32.236616,110.951869,840
1,6,9,7,8,1348,629,413,32.236617,110.951889,841
1,10,13,12,11,1354,986,932,32.236620,110.951886,842
1,14,18,17,14,1035,1448,1421,32.236619,110.951912,843
1,14,18,17,15,684,1590,1432,32.236590,110.951903,844
1,10,13,13,11,623,1282,953,32.236572,110.951887,845
1,6,9,7,8,909,806,426,32.236613,110.951894,846
1,5,8,6,7,1278,601,335,32.236582,110.951873,847
1,9,12,11,10,1392,855,763,32.236605,110.951873,848
1,13,17,16,14,1145,1334,1318,32.236584,110.951908,849
1,15,18,18,15,765,1598,1488,32.236584,110.951889,850
1,12,15,14,12,601,1404,1118,32.236615,110.951912,851
1,7,10,8,9,804,931,547,32.236577,110.951912,852
1,5,8,6,7,1187,613,301,32.236607,110.951913,853
1,8,10,9,9,1399,743,605,32.236572,110.951868,854
1,12,16,15,13,1244,1201,1181,32.236590,110.951899,855
1,15,18,18,15,865,1567,1498,32.236577,110.951892,856
1,13,16,16,13,610,1503,1265,32.236583,110.951881,857
1,8,11,10,10,714,1069,697,32.236580,110.951890,858
1,5,8,6,7,1081,663,315,32.236619,110.951895,859
1,6,9,8,8,1373,659,471,32.236605,110.951915,860
1,11,14,13,12,1323,1060,1021,32.236582,110.951905,861
1,15,18,18,15,975,1498,1460,32.236608,110.951899,862
1,14,17,17,14,651,1570,1384,32.236594,110.951907,863
1,10,13,12,11,647,1210,863,32.236578,110.951910,864
1,6,8,7,8,968,749,376,32.236589,110.951887,865
1,6,8,7,7,1318,611,371,32.236611,110.951905,866
1,10,13,12,11,1376,923,852,32.236605,110.951901,867
1,14,17,17,14,1088,1397,1378,32.236592,110.951873,868
1,15,18,18,15,719,1599,1464,32.236606,110.951911,869
1,11,14,13,12,609,1342,1032,32.236588,110.951878,870
1,6,9,8,8,858,862,479,32.236598,110.951874,871
1,5,8,6,7,1238,601,313,32.236574,110.951914,872
1,8,11,10,10,1399,799,687,32.236578,110.951908,873
1,13,16,16,13,1193,1273,1257,32.236617,110.951892,874
1,15,18,18,15,810,1588,1499,32.236597,110.951871,875
1,12,16,15,13,601,1454,1190,32.236585,110.951881,876
1,8,10,9,9,759,995,615,32.236592,110.951887,877
1,5,8,6,7,1139,632,302,32.236593,110.951871,878
1,7,10,8,9,1391,699,539,32.236581,110.951910,879
1,12,15,14,12,1283,1135,1108,32.236592,110.951898,880
1,15,18,18,15,916,1539,1486,32.236620,110.951894,881
1,14,17,16,14,625,1539,1325,32.236586,110.951896,882
1,9,12,11,10,680,1135,773,32.236603,110.951916,883
1,5,8,6,7,1028,699,338,32.236598,110.951881,884
1,6,9,7,8,1351,632,419,32.236570,110.951910,885
1,10,13,12,11,1351,995,942,32.236589,110.951885,886
1,14,18,17,15,1028,1454,1427,32.236614,110.951886,887
1,14,18,17,15,680,1588,1427,32.236588,110.951886,888
1,10,13,12,11,625,1273,942,32.236597,110.951910,889
1,6,9,7,8,916,799,419,32.236606,110.951906,890
1,5,8,6,7,1283,601,338,32.236614,110.951876,891
1,9,12,11,10,1391,862,774,32.236574,110.951890,892
1,14,17,16,14,1139,1342,1325,32.236576,110.951917,893
1,15,18,18,15,759,1599,1486,32.236571,110.951908,894
1,12,15,14,12,601,1397,1108,32.236599,110.951892,895
1,7,10,8,9,810,923,539,32.236611,110.951892,896
1,5,8,6,7,1193,611,302,32.236603,110.951905,897
1,8,10,9,9,1399,749,615,32.236574,110.951902,898
1,12,16,15,13,1238,1210,1190,32.236610,110.951893,899
1,15,18,18,15,858,1570,1499,32.236618,110.951907,900
1,13,16,16,13,609,1498,1257,32.236618,110.951888,901
1,8,11,10,10,719,1060,687,32.236608,110.951879,902
1,5,8,6,7,1088,659,313,32.236620,110.951891,903
1,6,9,8,8,1376,663,479,32.236608,110.951910,904
1,11,14,13,12,1318,1069,1032,32.236572,110.951884,905
1,15,18,18,15,968,1503,1464,32.236599,110.951875,906
1,14,17,17,14,647,1567,1377,32.236593,110.951898,907
1,10,13,12,11,651,1201,852,32.236609,110.951879,908
1,6,8,7,7,975,743,371,32.236588,110.951906,909
1,6,8,7,8,1323,613,376,32.236600,110.951883,910
1,10,13,12,11,1373,931,863,32.236598,110.951894,911
1,14,17,17,14,1081,1405,1384,32.236581,110.951893,912
1,15,18,18,15,714,1598,1460,32.236581,110.951878,913
1,11,14,13,12,610,1334,1021,32.236589,110.951911,914
1,6,9,8,8,865,854,471,32.236592,110.951888,915
1,5,8,6,7,1244,601,315,32.236620,110.951917,916
1,8,11,10,10,1399,806,697,32.236587,110.951895,917
1,13,16,16,13,1187,1282,1265,32.236596,110.951898,918
1,15,18,18,15,804,1590,1498,32.236572,110.951895,919
1,12,16,15,13,601,1448,1181,32.236580,110.951910,920
1,8,10,9,9,765,986,605,32.236570,110.951901,921
1,5,8,6,7,1145,629,301,32.236601,110.951876,922
1,7,10,8,9,1392,705,547,32.236601,110.951868,923
1,12,15,14,12,1278,1144,1118,32.236599,110.951869,924
1,15,18,18,15,909,1543,1488,32.236591,110.951894,925
1,13,17,16,14,623,1534,1318,32.236613,110.951914,926
1,9,12,11,10,684,1126,763,32.236611,110.951906,927
1,5,8,6,7,1035,694,334,32.236573,110.951903,928
1,6,9,7,8,1354,635,426,32.236613,110.951898,929
1,10,13,13,11,1348,1003,953,32.236582,110.951909,930
1,14,18,17,15,1021,1461,1432,32.236618,110.951892,931
1,14,18,17,14,675,1586,1421,32.236592,110.951877,932
1,10,13,12,11,628,1265,932,32.236595,110.951910,933
1,6,9,7,8,923,792,413,32.236619,110.951876,934
1,5,8,6,7,1288,602,342,32.236599,110.951917,935
1,9,12,11,10,1389,870,784,32.236616,110.951904,936
1,14,17,16,14,1132,1349,1333,32.236572,110.951890,937
1,15,18,18,15,754,1599,1484,32.236607,110.951880,938
1,12,15,14,12,602,1390,1098,32.236595,110.951912,939
1,7,10,8,9,816,914,530,32.236607,110.951904,940
1,5,8,6,7,1200,609,303,32.236609,110.951906,941
1,8,10,9,9,1400,755,624,32.236591,110.951916,942
1,12,16,15,13,1232,1218,1199,32.236576,110.951897,943
1,15,18,18,15,851,1573,1499,32.236612,110.951909,944
1,13,16,15,13,607,1492,1248,32.236585,110.951906,945
1,8,11,10,10,724,1051,677,32.236590,110.951885,946
1,5,8,6,7,1095,655,311,32.236584,110.951875,947
1,7,9,8,8,1378,668,486,32.236574,110.951909,948
1,11,14,13,12,1314,1078,1042,32.236570,110.951869,949
1,15,18,18,15,961,1508,1467,32.236614,110.951888,950
1,14,17,17,14,644,1563,1371,32.236587,110.951872,951
1,10,12,11,11,654,1192,842,32.236600,110.951904,952
1,6,8,7,7,982,736,366,32.236594,110.951869,953
1,6,8,7,8,1327,615,381,32.236615,110.951915,954
1,10,13,12,11,1371,939,874,32.236584,110.951892,955
1,14,17,17,14,1074,1412,1390,32.236614,110.951880,956
1,15,18,18,15,709,1597,1456,32.236573,110.951917,957
1,11,14,13,12,612,1326,1011,32.236583,110.951891,958
1,6,9,8,8,871,847,464,32.236604,110.951869,959
1,5,8,6,7,1249,600,318,32.236600,110.951917,960
1,8,11,10,10,1398,813,707,32.236617,110.951905,961
1,13,16,16,13,1181,1290,1274,32.236587,110.951873,962
1,15,18,18,15,797,1592,1497,32.236619,110.951905,963
1,12,15,15,13,600,1442,1171,32.236596,110.951914,964
1,7,10,9,9,771,977,596,32.236616,110.951916,965
1,5,8,6,7,1152,626,300,32.236574,110.951868,966
1,7,10,9,9,1393,710,556,32.236588,110.951874,967
1,12,15,14,13,1273,1153,1128,32.236571,110.951879,968
1,15,18,18,15,902,1547,1490,32.236589,110.951904,969
1,13,17,16,14,621,1530,1310,32.236607,110.951897,970
1,9,12,11,10,688,1118,753,32.236599,110.951879,971
1,5,8,6,7,1042,689,331,32.236601,110.951891,972
1,6,9,7,8,1358,638,432,32.236613,110.951881,973
1,11,14,13,11,1344,1012,964,32.236619,110.951888,974
1,14,18,17,15,1014,1467,1436,32.236582,110.951873,975
1,14,18,17,14,671,1584,1416,32.236611,110.951900,976
1,10,13,12,11,631,1257,921,32.236610,110.951889,977
1,6,8,7,8,930,785,407,32.236570,110.951873,978
1,5,8,6,7,1293,603,346,32.236580,110.951909,979
1,9,12,11,10,1387,878,794,32.236617,110.951916,980
1,14,17,16,14,1125,1357,1340,32.236575,110.951916,981
1,15,18,18,15,748,1600,1481,32.236609,110.951882,982
1,12,15,14,12,602,1383,1088,32.236583,110.951906,983
1,7,10,8,8,822,906,522,32.236596,110.951907,984
1,5,8,6,7,1206,607,304,32.236606,110.951894,985
1,8,11,9,9,1400,762,634,32.236589,110.951916,986
1,13,16,15,13,1226,1227,1208,32.236585,110.951910,987
1,15,18,18,15,845,1576,1500,32.236581,110.951907,988
1,13,16,15,13,606,1487,1240,32.236586,110.951900,989
1,8,11,10,9,729,1043,667,32.236580,110.951876,990
1,5,8,6,7,1102,651,309,32.236619,110.951906,991
1,7,9,8,8,1380,672,494,32.236584,110.951890,992
1,11,14,14,12,1310,1087,1052,32.236590,110.951896,993
1,15,18,18,15,954,1513,1471,32.236600,110.951888,994
1,14,17,17,14,641,1560,1364,32.236578,110.951913,995
1,9,12,11,11,658,1184,831,32.236578,110.951878,996
1,6,8,7,7,989,730,361,32.236602,110.951917,997
1,6,8,7,8,1331,617,387,32.236603,110.951907,998
1,10,13,12,11,1368,948,884,32.236605,110.951886,999
1,14,18,17,14,1067,1418,1396,32.236618,110.951889,1000
